cycle,strobe,sample,v_strobe_mv,v_sample_mv,temp_c
0,0,0,40,0,27
1,0,0,43,5,28
2,0,0,46,10,29
3,0,0,49,4,30
4,0,0,52,9,31
5,0,0,55,3,32
6,0,0,41,8,33
7,0,0,44,2,34
8,0,0,47,7,35
9,0,0,50,1,27
10,0,0,53,6,28
11,0,0,56,0,29
12,0,0,42,5,30
13,0,0,45,10,31
14,0,0,48,4,32
15,0,0,51,9,33
16,0,0,54,3,34
17,0,0,40,8,35
18,0,0,43,2,27
19,0,0,46,7,28
20,0,0,49,1,29
21,1,11,1812,226,30
22,0,0,55,0,31
23,0,0,41,5,32
24,0,0,44,10,33
25,0,0,47,4,34
26,0,0,50,9,35
27,0,0,53,3,27
28,1,11,1816,228,28
29,0,0,42,2,29
30,0,0,45,7,30
31,0,0,48,1,31
32,0,0,51,6,32
33,0,0,54,0,33
34,0,0,40,5,34
35,1,15,1803,310,35
36,0,0,46,4,27
37,0,0,49,9,28
38,0,0,52,3,29
39,0,0,55,8,30
40,0,0,41,2,31
41,0,0,44,7,32
42,1,22,1807,441,33
43,0,0,50,6,34
44,0,0,53,0,35
45,0,0,56,5,27
46,0,0,42,10,28
47,0,0,45,4,29
48,0,0,48,9,30
49,1,7,1811,143,31
50,0,0,54,8,32
51,0,0,40,2,33
52,0,0,43,7,34
53,0,0,46,1,35
54,0,0,49,6,27
55,0,0,52,0,28
56,1,19,1815,385,29
57,0,0,41,10,30
58,0,0,44,4,31
59,0,0,47,9,32
60,0,0,50,3,33
61,0,0,53,8,34
62,0,0,56,2,35
63,1,33,1802,667,27
64,0,0,45,1,28
65,0,0,48,6,29
66,0,0,51,0,30
67,0,0,54,5,31
68,0,0,40,10,32
69,0,0,43,4,33
70,1,8,1806,169,34
71,0,0,49,3,35
72,0,0,52,8,27
73,0,0,55,2,28
74,0,0,41,7,29
75,0,0,44,1,30
76,0,0,47,6,31
77,1,14,1810,280,32
78,1,14,1813,285,33
79,0,0,56,10,34
80,0,0,42,4,35
81,0,0,45,9,27
82,0,0,48,3,28
83,0,0,51,8,29
84,0,0,54,2,30
85,0,0,40,7,31
86,0,0,43,1,32
87,1,18,1806,366,33
88,1,18,1809,360,34
89,0,0,52,5,35
90,0,0,55,10,27
91,0,0,41,4,28
92,0,0,44,9,29
93,0,0,47,3,30
94,0,0,50,8,31
95,0,0,53,2,32
96,0,0,56,7,33
97,1,10,1802,201,34
98,1,20,1805,406,35
99,1,30,1808,600,27
100,1,40,1811,805,28
101,1,50,1814,1010,29
102,1,60,1800,1204,30
103,0,0,43,9,31
104,0,0,46,3,32
105,0,0,49,8,33
106,0,0,52,2,34
107,0,0,55,7,35
108,0,0,41,1,27
109,0,0,44,6,28
110,0,0,47,0,29
111,1,3,1810,65,30
112,1,4,1813,90,31
113,1,5,1816,104,32
114,1,6,1802,129,33
115,1,7,1805,143,34
116,1,8,1808,168,35
117,1,9,1811,182,27
118,0,0,54,7,28
119,0,0,40,1,29
120,0,0,43,6,30
121,0,0,46,0,31
122,0,0,49,5,32
123,0,0,52,10,33
124,0,0,55,4,34
125,0,0,41,9,35
126,1,1,1804,23,27
127,1,2,1807,48,28
128,1,3,1810,62,29
129,1,4,1813,87,30
130,1,5,1816,101,31
131,1,6,1802,126,32
132,1,7,1805,140,33
133,1,8,1808,165,34
134,1,9,1811,190,35
135,1,10,1814,204,27
136,1,11,1800,229,28
137,1,12,1803,243,29
138,1,13,1806,268,30
139,1,14,1809,282,31
140,1,15,1812,307,32
141,1,16,1815,321,33
142,0,0,41,6,34
143,0,0,44,0,35
144,0,0,47,5,27
145,0,0,50,10,28
146,0,0,53,4,29
147,0,0,56,9,30
148,0,0,42,3,31
149,0,0,45,8,32
150,1,100,1808,2002,33
151,1,101,1811,2027,34
152,1,102,1814,2041,35
153,1,103,1800,2066,27
154,1,104,1803,2080,28
155,1,105,1806,2105,29
156,0,0,49,10,30
157,0,0,52,4,31
158,0,0,55,9,32
159,0,0,41,3,33
160,0,0,44,8,34
161,0,0,47,2,35
162,0,0,50,7,27
163,0,0,53,1,28
164,1,4,1816,86,29
165,1,4,1802,80,30
166,1,4,1805,85,31
167,1,8,1808,170,32
168,1,8,1811,164,33
169,1,8,1814,169,34
170,0,0,40,3,35
171,0,0,43,8,27
172,0,0,46,2,28
173,0,0,49,7,29
174,0,0,52,1,30
175,0,0,55,6,31
176,0,0,41,0,32
177,0,0,44,5,33
178,1,2,1807,50,34
179,1,9,1810,184,35
180,1,9,1813,189,27
181,1,9,1816,183,28
182,1,1,1802,28,29
183,1,1,1805,22,30
184,0,0,48,7,31
185,0,0,51,1,32
186,0,0,54,6,33
187,0,0,40,0,34
188,0,0,43,5,35
189,0,0,46,10,27
190,0,0,49,4,28
191,0,0,52,9,29
192,1,50,1815,1003,30
193,1,51,1801,1028,31
194,1,52,1804,1042,32
195,1,53,1807,1067,33
196,1,54,1810,1081,34
197,1,55,1813,1106,35
198,1,56,1816,1120,27
199,0,0,42,5,28
200,0,0,45,10,29
201,0,0,48,4,30
202,0,0,51,9,31
203,0,0,54,3,32
204,0,0,40,8,33
205,0,0,43,2,34
206,0,0,46,7,35
207,1,9,1809,181,27
208,1,1,1812,26,28
209,1,2,1815,40,29
210,1,3,1801,65,30
211,1,4,1804,90,31
212,1,5,1807,104,32
213,0,0,50,9,33
214,0,0,53,3,34
215,0,0,56,8,35
216,0,0,42,2,27
217,0,0,45,7,28
218,0,0,48,1,29
219,0,0,51,6,30
220,0,0,54,0,31
221,1,70,1800,1405,32
222,1,71,1803,1430,33
223,1,77,1806,1544,34
224,0,80,49,1609,35
225,0,81,52,1623,27
226,0,82,55,1648,28
227,0,0,41,2,29
228,0,0,44,7,30
229,0,0,47,1,31
230,0,0,50,6,32
231,0,0,53,0,33
232,0,0,56,5,34
233,0,0,42,10,35
234,0,0,45,4,27
235,1,11,1808,229,28
236,1,12,1811,243,29
237,1,13,1814,268,30
238,1,14,1800,282,31
239,1,15,1803,307,32
240,1,16,1806,321,33
241,0,0,49,6,34
242,0,0,52,0,35
243,0,0,55,5,27
244,0,0,41,10,28
245,0,0,44,4,29
246,0,0,47,9,30
247,0,0,50,3,31
248,0,0,53,8,32
249,0,0,56,2,33
250,0,0,42,7,34
251,1,1,1805,21,35
252,1,2,1808,46,27
253,1,3,1811,60,28
254,1,4,1814,85,29
255,1,5,1800,110,30
256,1,6,1803,124,31
257,0,0,46,9,32
258,0,0,49,3,33
259,0,0,52,8,34
260,0,0,55,2,35
261,0,0,41,7,27
262,0,0,44,1,28
263,0,0,47,6,29
264,0,0,50,0,30
265,0,0,53,5,31
266,0,0,56,10,32
267,0,0,42,4,33
268,0,0,45,9,34
269,0,0,48,3,35
270,1,7,1811,148,27
271,1,8,1814,162,28
272,1,9,1800,187,29
273,1,10,1803,201,30
274,1,11,1806,226,31
275,1,12,1809,240,32
276,0,0,52,5,33
277,0,0,55,10,34
278,0,0,41,4,35
279,0,0,44,9,27
280,0,0,47,3,28
281,0,0,50,8,29
282,0,0,53,2,30
283,0,0,56,7,31
284,1,110,1802,2201,32
285,1,111,1805,2226,33
286,1,112,1808,2240,34
287,1,113,1811,2265,35
288,1,114,1814,2290,27
289,1,115,1800,2304,28
290,1,116,1803,2329,29
291,0,0,46,3,30
292,1,140,1809,2808,31
293,1,141,1812,2822,32
294,1,142,1815,2847,33
295,1,143,1801,2861,34
296,1,144,1804,2886,35
297,1,145,1807,2900,27
298,1,146,1810,2925,28
299,0,0,53,10,29
300,0,0,56,4,30
301,0,0,42,9,31
302,0,0,45,3,32
303,0,0,48,8,33
304,0,0,51,2,34
305,0,0,54,7,35
306,0,0,40,1,27
307,0,0,43,6,28
308,0,0,46,0,29
309,0,0,49,5,30
310,0,0,52,10,31
311,0,0,55,4,32
312,0,0,41,9,33
313,0,0,44,3,34
314,1,200,1807,4008,35
315,1,201,1810,4022,27
316,1,202,1813,4047,28
317,1,203,1816,4061,29
318,1,204,1802,4086,30
319,1,205,1805,4100,31
320,0,0,48,5,32
321,0,0,51,10,33
322,0,0,54,4,34
323,0,0,40,9,35
324,0,0,43,3,27
325,0,0,46,8,28
326,0,0,49,2,29
327,0,0,52,7,30
328,0,0,55,1,31
329,0,0,41,6,32
330,1,200,1804,4000,33
331,1,200,1807,4005,34
332,1,200,1810,4010,35
333,1,200,1813,4004,27
334,1,200,1816,4009,28
335,1,200,1802,4003,29
336,0,0,45,8,30
337,0,0,48,2,31
338,0,0,51,7,32
339,0,0,54,1,33
340,0,0,40,6,34
341,0,0,43,0,35
342,0,0,46,5,27
343,0,0,49,10,28
344,0,0,52,4,29
345,0,0,55,9,30
346,0,0,41,3,31
347,0,0,44,8,32
348,0,0,47,2,33
349,0,0,50,7,34
350,0,0,53,1,35
351,0,0,56,6,27
352,0,0,42,0,28
353,1,13,1805,265,29
354,1,13,1808,270,30
355,0,0,51,4,31
356,0,0,54,9,32
357,0,0,40,3,33
358,0,0,43,8,34
359,0,0,46,2,35
360,0,0,49,7,27
361,0,0,52,1,28
362,0,0,55,6,29
363,1,13,1801,260,30
364,1,13,1804,265,31
365,1,13,1807,270,32
366,0,0,50,4,33
367,0,0,53,9,34
368,0,0,56,3,35
369,0,0,42,8,27
370,0,0,45,2,28
371,0,0,48,7,29
372,0,0,51,1,30
373,0,0,54,6,31
374,1,1,1800,20,32
375,1,2,1803,45,33
376,1,3,1806,70,34
377,1,4,1809,84,35
378,1,5,1812,109,27
379,1,6,1815,123,28
380,1,7,1801,148,29
381,1,8,1804,162,30
382,1,9,1807,187,31
383,0,0,50,1,32
384,0,0,53,6,33
385,0,0,56,0,34
386,0,0,42,5,35
387,0,0,45,10,27
388,0,0,48,4,28
389,0,0,51,9,29
390,0,0,54,3,30
391,0,0,40,8,31
392,0,0,43,2,32
393,1,10,1806,207,33
394,1,11,1809,221,34
395,1,12,1812,246,35
396,1,13,1815,260,27
397,1,14,1801,285,28
398,1,15,1804,310,29
399,1,16,1807,324,30
400,1,17,1810,349,31
401,1,18,1813,363,32
402,1,19,1816,388,33
403,1,20,1802,402,34
404,1,21,1805,427,35
405,0,0,48,1,27
406,0,0,51,6,28
407,0,0,54,0,29
408,0,0,40,5,30
409,0,0,43,10,31
410,0,0,46,4,32
411,0,0,49,9,33
412,0,0,52,3,34
413,0,0,55,8,35
414,0,0,41,2,27
415,1,170,1804,3407,28
416,1,171,1807,3421,29
417,1,172,1810,3446,30
418,1,173,1813,3460,31
419,1,174,1816,3485,32
420,1,175,1802,3510,33
421,1,176,1805,3524,34
422,1,177,1808,3549,35
423,1,178,1811,3563,27
424,1,179,1814,3588,28
425,1,180,1800,3602,29
426,1,181,1803,3627,30
427,0,0,46,1,31
428,0,0,49,6,32
429,0,0,52,0,33
430,0,0,55,5,34
431,0,0,41,10,35
432,0,0,44,4,27
433,0,0,47,9,28
434,0,0,50,3,29
435,0,0,53,8,30
436,0,0,56,2,31
437,0,0,42,7,32
438,0,0,45,1,33
439,0,0,48,6,34
440,0,0,51,0,35
441,0,0,54,5,27
442,0,0,40,10,28
443,1,50,1803,1004,29
444,0,61,46,1229,30
445,0,62,49,1243,31
446,0,0,52,8,32
447,0,0,55,2,33
448,0,0,41,7,34
449,0,0,44,1,35
450,0,0,47,6,27
451,0,0,50,0,28
452,0,0,53,5,29
453,0,0,56,10,30
454,1,30,1802,604,31
455,1,31,1805,629,32
456,1,32,1808,643,33
457,1,33,1811,668,34
458,1,34,1814,682,35
459,1,35,1800,707,27
460,0,0,43,1,28
461,0,0,46,6,29
462,0,0,49,0,30
463,0,0,52,5,31
464,0,0,55,10,32
465,0,0,41,4,33
466,0,0,44,9,34
467,0,0,47,3,35
468,0,0,50,8,27
469,0,0,53,2,28
470,0,0,56,7,29
471,0,0,42,1,30
472,0,0,45,6,31
473,0,0,48,0,32
474,0,0,51,5,33
475,0,0,54,10,34
476,0,0,40,4,35
477,0,0,43,9,27
478,0,0,46,3,28
479,0,0,49,8,29
480,1,8,1812,162,30
481,1,9,1815,187,31
482,1,10,1801,201,32
483,1,11,1804,226,33
484,1,12,1807,240,34
485,1,13,1810,265,35
486,0,0,53,10,27
487,0,0,56,4,28
488,0,0,42,9,29
489,0,0,45,3,30
490,0,0,48,8,31
491,0,0,51,2,32
492,0,0,54,7,33
493,0,0,40,1,34
494,0,0,43,6,35
495,0,0,46,0,27
496,0,0,49,5,28
497,0,0,52,10,29
498,0,0,55,4,30
499,0,0,41,9,31
500,0,0,44,3,32
501,0,0,47,8,33
